{"cameraMode":{"drawMode":0,"name":"Shaded","section":"Shading Mode"},"sceneLighting":false,"audioPlay":false,"sceneViewState":{"m_AlwaysRefresh":false,"showFog":true,"showSkybox":false,"showFlares":true,"showImageEffects":true,"showParticleSystems":true,"showVisualEffectGraphs":true,"m_FxEnabled":true},"in2DMode":false,"pivot":{"x":-2.426182746887207,"y":3.2059295177459719,"z":20.118820190429689},"rotation":{"x":0.018888946622610093,"y":-0.8197861909866333,"z":0.027064790949225427,"w":0.571734607219696},"size":3.376901149749756,"orthographic":false}