{"cameraMode":{"drawMode":0,"name":"Shaded","section":"Shading Mode"},"sceneLighting":false,"audioPlay":false,"sceneViewState":{"m_AlwaysRefresh":false,"showFog":true,"showSkybox":false,"showFlares":true,"showImageEffects":true,"showParticleSystems":true,"showVisualEffectGraphs":true,"m_FxEnabled":true},"in2DMode":false,"pivot":{"x":-10.996773719787598,"y":-40.122196197509769,"z":14.793994903564454},"rotation":{"x":-0.030761608853936197,"y":0.9265879392623901,"z":-0.36666756868362429,"w":-0.07773613929748535},"size":42.617652893066409,"orthographic":false}