{"cameraMode":{"drawMode":0,"name":"Shaded","section":"Shading Mode"},"sceneLighting":false,"audioPlay":false,"sceneViewState":{"m_AlwaysRefresh":false,"showFog":true,"showSkybox":false,"showFlares":true,"showImageEffects":true,"showParticleSystems":true,"showVisualEffectGraphs":true,"m_FxEnabled":true},"in2DMode":false,"pivot":{"x":20.184274673461915,"y":-10.304126739501954,"z":57.0598030090332},"rotation":{"x":0.1269962638616562,"y":0.08469364047050476,"z":-0.010884799063205719,"w":0.9882153868675232},"size":38.341861724853519,"orthographic":false}